#Zeit; y_1
0;0
0;0
0,01;0,000244174
0,02;0,000972127
0,03;0,002177033
0,04;0,003852109
0,05;0,005990613
0,06;0,008585844
0,07;0,011631144
0,08;0,015119895
0,09;0,019045523
0,1;0,023401497
0,11;0,028181326
0,12;0,033378563
0,13;0,038986803
0,14;0,044999686
0,15;0,051410892
0,16;0,058214146
0,17;0,065403215
0,18;0,07297191
0,19;0,080914087
0,2;0,089223642
0,21;0,097894517
0,22;0,106920697
0,23;0,116296211
0,24;0,126015132
0,25;0,136071575
0,26;0,146459701
0,27;0,157173715
0,28;0,168207864
0,29;0,179556441
0,3;0,191213782
0,31;0,203174267
0,32;0,215432321
0,33;0,227982412
0,34;0,240819054
0,35;0,253936802
0,36;0,267330258
0,37;0,280994067
0,38;0,294922918
0,39;0,309111544
0,4;0,323554723
0,41;0,338247276
0,42;0,353184068
0,43;0,368360008
0,44;0,383770051
0,45;0,399409193
0,46;0,415272476
0,47;0,431354983
0,48;0,447651845
0,49;0,464158233
0,5;0,480869363
0,51;0,497780495
0,52;0,514886932
0,53;0,53218402
0,54;0,549667148
0,55;0,567331751
0,56;0,585173305
0,57;0,603187327
0,58;0,621369381
0,59;0,639715072
0,6;0,658220048
0,61;0,676879999
0,62;0,695690658
0,63;0,714647801
0,64;0,733747246
0,65;0,752984853
0,66;0,772356524
0,67;0,791858203
0,68;0,811485877
0,69;0,831235573
0,7;0,851103361
0,71;0,871085351
0,72;0,891177695
0,73;0,911376587
0,74;0,931678262
0,75;0,952078993
0,76;0,972575098
0,77;0,993162933
0,78;1,013838894
0,79;1,034599419
0,8;1,055440986
0,81;1,07636011
0,82;1,097353351
0,83;1,118417303
0,84;1,139548603
0,85;1,160743927
0,86;1,18199999
0,87;1,203313543
0,88;1,22468138
0,89;1,246100332
0,9;1,267567267
0,91;1,289079094
0,92;1,310632757
0,93;1,332225239
0,94;1,353853562
0,95;1,375514784
0,96;1,397206001
0,97;1,418924345
0,98;1,440666986
0,99;1,462431131
1;1,484214022
1,01;1,506012939
1,02;1,527825197
1,03;1,549648147
1,04;1,571479176
1,05;1,593315706
1,06;1,615155196
1,07;1,636995138
1,08;1,65883306
1,09;1,680666524
1,1;1,702493127
1,11;1,724310501
1,12;1,74611631
1,13;1,767908254
1,14;1,789684065
1,15;1,81144151
1,16;1,833178387
1,17;1,85489253
1,18;1,876581803
1,19;1,898244103
1,2;1,919877362
1,21;1,941479541
1,22;1,963048634
1,23;1,984582667
1,24;2,006079697
1,25;2,027537813
1,26;2,048955133
1,27;2,07032981
1,28;2,091660022
1,29;2,112943983
1,3;2,134179933
1,31;2,155366143
1,32;2,176500915
1,33;2,197582579
1,34;2,218609495
1,35;2,239580052
1,36;2,260492668
1,37;2,281345789
1,38;2,30213789
1,39;2,322867473
1,4;2,343533069
1,41;2,364133237
1,42;2,384666563
1,43;2,405131659
1,44;2,425527167
1,45;2,445851752
1,46;2,46610411
1,47;2,486282958
1,48;2,506387045
1,49;2,526415142
1,5;2,546366046
1,51;2,56623858
1,52;2,586031594
1,53;2,605743961
1,54;2,625374579
1,55;2,64492237
1,56;2,664386283
1,57;2,683765288
1,58;2,703058381
1,59;2,72226458
1,6;2,741382929
1,61;2,760412493
1,62;2,779352361
1,63;2,798201644
1,64;2,816959477
1,65;2,835625016
1,66;2,854197441
1,67;2,872675951
1,68;2,89105977
1,69;2,909348141
1,7;2,92754033
1,71;2,945635623
1,72;2,963633328
1,73;2,981532773
1,74;2,999333306
1,75;3,017034295
1,76;3,03463513
1,77;3,052135219
1,78;3,069533991
1,79;3,086830893
1,8;3,104025391
1,81;3,121116972
1,82;3,13810514
1,83;3,154989418
1,84;3,171769349
1,85;3,188444491
1,86;3,205014422
1,87;3,221478738
1,88;3,237837052
1,89;3,254088994
1,9;3,270234212
1,91;3,28627237
1,92;3,30220315
1,93;3,318026249
1,94;3,333741381
1,95;3,349348277
1,96;3,364846684
1,97;3,380236363
1,98;3,395517092
1,99;3,410688665
2;3,425750889
2,01;3,440703588
2,02;3,455546601
2,03;3,470279779
2,04;3,484902991
2,05;3,499416118
2,06;3,513819055
2,07;3,528111712
2,08;3,542294013
2,09;3,556365893
2,1;3,570327304
2,11;3,584178208
2,12;3,597918581
2,13;3,611548414
2,14;3,625067707
2,15;3,638476475
2,16;3,651774744
2,17;3,664962552
2,18;3,678039951
2,19;3,691007002
2,2;3,70386378
2,21;3,716610369
2,22;3,729246867
2,23;3,74177338
2,24;3,754190027
2,25;3,766496938
2,26;3,778694253
2,27;3,790782121
2,28;3,802760703
2,29;3,814630171
2,3;3,826390704
2,31;3,838042493
2,32;3,849585738
2,33;3,861020648
2,34;3,872347443
2,35;3,88356635
2,36;3,894677606
2,37;3,905681457
2,38;3,916578157
2,39;3,927367971
2,4;3,938051168
2,41;3,948628028
2,42;3,959098841
2,43;3,969463901
2,44;3,979723511
2,45;3,989877984
2,46;3,999927638
2,47;4,009872799
2,48;4,019713801
2,49;4,029450984
2,5;4,039084696
2,51;4,048615292
2,52;4,058043131
2,53;4,067368582
2,54;4,07659202
2,55;4,085713824
2,56;4,094734381
2,57;4,103654083
2,58;4,11247333
2,59;4,121192526
2,6;4,129812079
2,61;4,138332407
2,62;4,14675393
2,63;4,155077073
2,64;4,16330227
2,65;4,171429955
2,66;4,179460571
2,67;4,187394563
2,68;4,195232382
2,69;4,202974485
2,7;4,21062133
2,71;4,218173381
2,72;4,225631109
2,73;4,232994984
2,74;4,240265484
2,75;4,247443089
2,76;4,254528284
2,77;4,261521555
2,78;4,268423396
2,79;4,275234301
2,8;4,281954768
2,81;4,2885853
2,82;4,2951264
2,83;4,301578577
2,84;4,307942341
2,85;4,314218207
2,86;4,320406691
2,87;4,326508312
2,88;4,332523591
2,89;4,338453053
2,9;4,344297225
2,91;4,350056635
2,92;4,355731814
2,93;4,361323297
2,94;4,366831616
2,95;4,372257311
2,96;4,37760092
2,97;4,382862983
2,98;4,388044043
2,99;4,393144645
3;4,398165332
3,01;4,403106653
3,02;4,407969156
3,03;4,41275339
3,04;4,417459906
3,05;4,422089255
3,06;4,426641991
3,07;4,431118667
3,08;4,435519838
3,09;4,439846059
3,1;4,444097886
3,11;4,448275876
3,12;4,452380587
3,13;4,456412577
3,14;4,460372403
3,15;4,464260624
3,16;4,4680778
3,17;4,471824489
3,18;4,475501251
3,19;4,479108646
3,2;4,482647232
3,21;4,48611757
3,22;4,489520218
3,23;4,492855737
3,24;4,496124684
3,25;4,499327619
3,26;4,5024651
3,27;4,505537685
3,28;4,508545932
3,29;4,511490398
3,3;4,514371639
3,31;4,517190211
3,32;4,519946669
3,33;4,522641568
3,34;4,525275461
3,35;4,527848902
3,36;4,530362442
3,37;4,532816633
3,38;4,535212024
3,39;4,537549165
3,4;4,539828603
3,41;4,542050885
3,42;4,544216558
3,43;4,546326165
3,44;4,54838025
3,45;4,550379354
3,46;4,552324019
3,47;4,554214783
3,48;4,556052185
3,49;4,55783676
3,5;4,559569043
3,51;4,561249567
3,52;4,562878865
3,53;4,564457466
3,54;4,565985898
3,55;4,567464689
3,56;4,568894362
3,57;4,570275442
3,58;4,571608449
3,59;4,572893903
3,6;4,574132322
3,61;4,575324221
3,62;4,576470114
3,63;4,577570514
3,64;4,578625929
3,65;4,579636867
3,66;4,580603836
3,67;4,581527337
3,68;4,582407872
3,69;4,583245942
3,7;4,584042043
3,71;4,58479667
3,72;4,585510317
3,73;4,586183473
3,74;4,586816627
3,75;4,587410265
3,76;4,587964871
3,77;4,588480926
3,78;4,588958909
3,79;4,589399298
3,8;4,589802565
3,81;4,590169184
3,82;4,590499623
3,83;4,590794349
3,84;4,591053827
3,85;4,591278519
3,86;4,591468884
3,87;4,591625379
3,88;4,591748459
3,89;4,591838575
3,9;4,591896177
3,91;4,591921711
3,92;4,591915621
3,93;4,59187835
3,94;4,591810335
3,95;4,591712013
3,96;4,591583817
3,97;4,591426178
3,98;4,591239525
3,99;4,591024282
4;4,590780873
4,01;4,590509718
4,02;4,590211233
4,03;4,589885834
4,04;4,589533933
4,05;4,589155938
4,06;4,588752256
4,07;4,58832329
4,08;4,587869442
4,09;4,587391109
4,1;4,586888687
4,11;4,586362567
4,12;4,585813141
4,13;4,585240794
4,14;4,584645911
4,15;4,584028873
4,16;4,583390058
4,17;4,582729842
4,18;4,582048599
4,19;4,581346697
4,2;4,580624504
4,21;4,579882385
4,22;4,579120701
4,23;4,57833981
4,24;4,577540069
4,25;4,57672183
4,26;4,575885445
4,27;4,575031259
4,28;4,574159618
4,29;4,573270863
4,3;4,572365333
4,31;4,571443365
4,32;4,570505291
4,33;4,569551442
4,34;4,568582146
4,35;4,567597726
4,36;4,566598506
4,37;4,565584804
4,38;4,564556936
4,39;4,563515217
4,4;4,562459956
4,41;4,561391461
4,42;4,560310039
4,43;4,55921599
4,44;4,558109615
4,45;4,556991209
4,46;4,555861068
4,47;4,554719483
4,48;4,553566741
4,49;4,552403128
4,5;4,551228927
4,51;4,550044419
4,52;4,548849881
4,53;4,547645587
4,54;4,54643181
4,55;4,545208818
4,56;4,543976878
4,57;4,542736255
4,58;4,541487208
4,59;4,540229997
4,6;4,538964877
4,61;4,537692102
4,62;4,536411921
4,63;4,535124583
4,64;4,533830332
4,65;4,532529412
4,66;4,531222061
4,67;4,529908517
4,68;4,528589016
4,69;4,527263788
4,7;4,525933063
4,71;4,524597069
4,72;4,523256029
4,73;4,521910165
4,74;4,520559696
4,75;4,51920484
4,76;4,517845809
4,77;4,516482816
4,78;4,515116071
4,79;4,513745778
4,8;4,512372144
4,81;4,510995369
4,82;4,509615652
4,83;4,508233191
4,84;4,506848179
4,85;4,505460809
4,86;4,504071271
4,87;4,50267975
4,88;4,501286433
4,89;4,4998915
4,9;4,498495134
4,91;4,49709751
4,92;4,495698805
4,93;4,494299191
4,94;4,492898839
4,95;4,491497918
4,96;4,490096593
4,97;4,488695028
4,98;4,487293386
4,99;4,485891825
5;4,484490503
5,01;4,483089574
5,02;4,481689191
5,03;4,480289504
5,04;4,478890663
5,05;4,477492812
5,06;4,476096097
5,07;4,474700659
5,08;4,473306637
5,09;4,47191417
5,1;4,470523393
5,11;4,469134439
5,12;4,46774744
5,13;4,466362526
5,14;4,464979823
5,15;4,463599456
5,16;4,46222155
5,17;4,460846226
5,18;4,459473602
5,19;4,458103796
5,2;4,456736923
5,21;4,455373098
5,22;4,454012431
5,23;4,452655032
5,24;4,451301008
5,25;4,449950467
5,26;4,448603511
5,27;4,447260242
5,28;4,445920762
5,29;4,444585168
5,3;4,443253557
5,31;4,441926024
5,32;4,440602661
5,33;4,439283561
5,34;4,437968813
5,35;4,436658505
5,36;4,435352721
5,37;4,434051548
5,38;4,432755068
5,39;4,431463361
5,4;4,430176507
5,41;4,428894584
5,42;4,427617667
5,43;4,426345832
5,44;4,42507915
5,45;4,423817693
5,46;4,422561531
5,47;4,421310731
5,48;4,420065361
5,49;4,418825485
5,5;4,417591166
5,51;4,416362466
5,52;4,415139447
5,53;4,413922166
5,54;4,412710681
5,55;4,411505049
5,56;4,410305324
5,57;4,409111558
5,58;4,407923804
5,59;4,406742112
5,6;4,405566531
5,61;4,404397108
5,62;4,40323389
5,63;4,402076921
5,64;4,400926246
5,65;4,399781906
5,66;4,398643942
5,67;4,397512394
5,68;4,3963873
5,69;4,395268697
5,7;4,394156621
5,71;4,393051107
5,72;4,391952188
5,73;4,390859896
5,74;4,389774263
5,75;4,388695317
5,76;4,387623088
5,77;4,386557603
5,78;4,385498888
5,79;4,384446968
5,8;4,383401868
5,81;4,382363611
5,82;4,381332218
5,83;4,38030771
5,84;4,379290107
5,85;4,378279428
5,86;4,37727569
5,87;4,376278909
5,88;4,375289102
5,89;4,374306282
5,9;4,373330464
5,91;4,372361661
5,92;4,371399882
5,93;4,370445141
5,94;4,369497445
5,95;4,368556804
5,96;4,367623226
5,97;4,366696718
5,98;4,365777285
5,99;4,364864934
6;4,363959667
6,01;4,36306149
6,02;4,362170404
6,03;4,361286411
6,04;4,360409513
6,05;4,359539708
6,06;4,358676998
6,07;4,357821379
6,08;4,35697285
6,09;4,356131408
6,1;4,35529705
6,11;4,35446977
6,12;4,353649563
6,13;4,352836424
6,14;4,352030345
6,15;4,35123132
6,16;4,35043934
6,17;4,349654396
6,18;4,34887648
6,19;4,34810558
6,2;4,347341687
6,21;4,346584788
6,22;4,345834872
6,23;4,345091926
6,24;4,344355937
6,25;4,343626891
6,26;4,342904773
6,27;4,342189569
6,28;4,341481263
6,29;4,340779838
6,3;4,340085279
6,31;4,339397567
6,32;4,338716685
6,33;4,338042615
6,34;4,337375337
6,35;4,336714833
6,36;4,336061083
6,37;4,335414066
6,38;4,334773762
6,39;4,334140149
6,4;4,333513205
6,41;4,332892909
6,42;4,332279237
6,43;4,331672168
6,44;4,331071676
6,45;4,330477739
6,46;4,329890332
6,47;4,329309431
6,48;4,32873501
6,49;4,328167043
6,5;4,327605506
6,51;4,327050372
6,52;4,326501614
6,53;4,325959205
6,54;4,325423118
6,55;4,324893326
6,56;4,3243698
6,57;4,323852513
6,58;4,323341436
6,59;4,32283654
6,6;4,322337795
6,61;4,321845173
6,62;4,321358644
6,63;4,320878178
6,64;4,320403744
6,65;4,319935312
6,66;4,319472851
6,67;4,31901633
6,68;4,318565719
6,69;4,318120984
6,7;4,317682096
6,71;4,317249022
6,72;4,316821729
6,73;4,316400186
6,74;4,315984359
6,75;4,315574217
6,76;4,315169726
6,77;4,314770853
6,78;4,314377564
6,79;4,313989828
6,8;4,313607609
6,81;4,313230874
6,82;4,31285959
6,83;4,312493721
6,84;4,312133235
6,85;4,311778096
6,86;4,31142827
6,87;4,311083723
6,88;4,31074442
6,89;4,310410327
6,9;4,310081408
6,91;4,309757628
6,92;4,309438952
6,93;4,309125345
6,94;4,308816773
6,95;4,308513199
6,96;4,308214588
6,97;4,307920905
6,98;4,307632114
6,99;4,30734818
7;4,307069066
7,01;4,306794738
7,02;4,30652516
7,03;4,306260295
7,04;4,306000109
7,05;4,305744565
7,06;4,305493627
7,07;4,30524726
7,08;4,305005427
7,09;4,304768093
7,1;4,304535222
7,11;4,304306777
7,12;4,304082724
7,13;4,303863026
7,14;4,303647647
7,15;4,303436551
7,16;4,303229703
7,17;4,303027067
7,18;4,302828606
7,19;4,302634285
7,2;4,302444069
7,21;4,302257921
7,22;4,302075806
7,23;4,301897688
7,24;4,301723532
7,25;4,301553302
7,26;4,301386962
7,27;4,301224477
7,28;4,301065813
7,29;4,300910932
7,3;4,300759801
7,31;4,300612383
7,32;4,300468645
7,33;4,30032855
7,34;4,300192064
7,35;4,300059152
7,36;4,299929779
7,37;4,299803911
7,38;4,299681512
7,39;4,299562549
7,4;4,299446986
7,41;4,29933479
7,42;4,299225926
7,43;4,29912036
7,44;4,299018058
7,45;4,298918986
7,46;4,29882311
7,47;4,298730397
7,48;4,298640813
7,49;4,298554324
7,5;4,298470897
7,51;4,298390499
7,52;4,298313096
7,53;4,298238656
7,54;4,298167146
7,55;4,298098533
7,56;4,298032784
7,57;4,297969867
7,58;4,297909749
7,59;4,297852399
7,6;4,297797784
7,61;4,297745872
7,62;4,297696631
7,63;4,29765003
7,64;4,297606038
7,65;4,297564622
7,66;4,297525751
7,67;4,297489395
7,68;4,297455523
7,69;4,297424103
7,7;4,297395106
7,71;4,2973685
7,72;4,297344255
7,73;4,297322342
7,74;4,297302729
7,75;4,297285388
7,76;4,297270288
7,77;4,297257401
7,78;4,297246696
7,79;4,297238144
7,8;4,297231717
7,81;4,297227385
7,82;4,29722512
7,83;4,297224893
7,84;4,297226677
7,85;4,297230441
7,86;4,29723616
7,87;4,297243804
7,88;4,297253346
7,89;4,297264758
7,9;4,297278014
7,91;4,297293085
7,92;4,297309946
7,93;4,297328568
7,94;4,297348926
7,95;4,297370993
7,96;4,297394743
7,97;4,297420149
7,98;4,297447185
7,99;4,297475827
8;4,297506047
8,01;4,297537821
8,02;4,297571124
8,03;4,29760593
8,04;4,297642215
8,05;4,297679954
8,06;4,297719121
8,07;4,297759694
8,08;4,297801648
8,09;4,297844958
8,1;4,297889602
8,11;4,297935555
8,12;4,297982793
8,13;4,298031295
8,14;4,298081036
8,15;4,298131994
8,16;4,298184146
8,17;4,29823747
8,18;4,298291942
8,19;4,298347542
8,2;4,298404246
8,21;4,298462034
8,22;4,298520884
8,23;4,298580773
8,24;4,298641682
8,25;4,298703588
8,26;4,298766471
8,27;4,29883031
8,28;4,298895085
8,29;4,298960775
8,3;4,299027361
8,31;4,299094821
8,32;4,299163137
8,33;4,299232288
8,34;4,299302256
8,35;4,29937302
8,36;4,299444563
8,37;4,299516864
8,38;4,299589906
8,39;4,299663669
8,4;4,299738136
8,41;4,299813287
8,42;4,299889106
8,43;4,299965573
8,44;4,300042672
8,45;4,300120385
8,46;4,300198695
8,47;4,300277584
8,48;4,300357036
8,49;4,300437033
8,5;4,300517559
8,51;4,300598598
8,52;4,300680133
8,53;4,300762148
8,54;4,300844628
8,55;4,300927556
8,56;4,301010916
8,57;4,301094694
8,58;4,301178874
8,59;4,301263442
8,6;4,301348381
8,61;4,301433677
8,62;4,301519316
8,63;4,301605283
8,64;4,301691564
8,65;4,301778145
8,66;4,301865012
8,67;4,301952151
8,68;4,302039548
8,69;4,30212719
8,7;4,302215064
8,71;4,302303156
8,72;4,302391454
8,73;4,302479945
8,74;4,302568615
8,75;4,302657453
8,76;4,302746446
8,77;4,302835582
8,78;4,302924849
8,79;4,303014234
8,8;4,303103727
8,81;4,303193316
8,82;4,303282988
8,83;4,303372734
8,84;4,303462541
8,85;4,303552399
8,86;4,303642297
8,87;4,303732223
8,88;4,303822169
8,89;4,303912122
8,9;4,304002074
8,91;4,304092013
8,92;4,30418193
8,93;4,304271815
8,94;4,304361658
8,95;4,30445145
8,96;4,304541181
8,97;4,304630842
8,98;4,304720424
8,99;4,304809917
9;4,304899314
9,01;4,304988605
9,02;4,305077781
9,03;4,305166835
9,04;4,305255757
9,05;4,30534454
9,06;4,305433175
9,07;4,305521655
9,08;4,305609971
9,09;4,305698117
9,1;4,305786083
9,11;4,305873864
9,12;4,305961452
9,13;4,306048839
9,14;4,306136018
9,15;4,306222983
9,16;4,306309727
9,17;4,306396242
9,18;4,306482523
9,19;4,306568562
9,2;4,306654355
9,21;4,306739893
9,22;4,306825171
9,23;4,306910184
9,24;4,306994925
9,25;4,307079388
9,26;4,307163568
9,27;4,30724746
9,28;4,307331057
9,29;4,307414355
9,3;4,307497347
9,31;4,30758003
9,32;4,307662398
9,33;4,307744446
9,34;4,30782617
9,35;4,307907564
9,36;4,307988624
9,37;4,308069346
9,38;4,308149725
9,39;4,308229757
9,4;4,308309437
9,41;4,308388762
9,42;4,308467728
9,43;4,30854633
9,44;4,308624565
9,45;4,30870243
9,46;4,30877992
9,47;4,308857031
9,48;4,308933762
9,49;4,309010107
9,5;4,309086064
9,51;4,309161631
9,52;4,309236802
9,53;4,309311577
9,54;4,309385951
9,55;4,309459923
9,56;4,309533488
9,57;4,309606645
9,58;4,309679392
9,59;4,309751724
9,6;4,309823641
9,61;4,30989514
9,62;4,309966218
9,63;4,310036874
9,64;4,310107104
9,65;4,310176909
9,66;4,310246284
9,67;4,310315229
9,68;4,310383742
9,69;4,310451821
9,7;4,310519464
9,71;4,31058667
9,72;4,310653437
9,73;4,310719764
9,74;4,31078565
9,75;4,310851093
9,76;4,310916092
9,77;4,310980645
9,78;4,311044753
9,79;4,311108413
9,8;4,311171626
9,81;4,311234389
9,82;4,311296702
9,83;4,311358564
9,84;4,311419976
9,85;4,311480935
9,86;4,311541441
9,87;4,311601495
9,88;4,311661094
9,89;4,31172024
9,9;4,311778932
9,91;4,311837169
9,92;4,311894951
9,93;4,311952277
9,94;4,312009149
9,95;4,312065566
9,96;4,312121527
9,97;4,312177033
9,98;4,312232083
9,99;4,312286679
10;4,31234082
10,01;4,312394506
10,02;4,312447737
10,03;4,312500515
10,04;4,312552839
10,05;4,31260471
10,06;4,312656127
10,07;4,312707093
10,08;4,312757607
10,09;4,312807669
10,1;4,312857281
10,11;4,312906444
10,12;4,312955157
10,13;4,313003422
10,14;4,313051239
10,15;4,313098609
10,16;4,313145534
10,17;4,313192013
10,18;4,313238049
10,19;4,313283641
10,2;4,313328792
10,21;4,313373502
10,22;4,313417772
10,23;4,313461603
10,24;4,313504997
10,25;4,313547954
10,26;4,313590476
10,27;4,313632565
10,28;4,313674221
10,29;4,313715446
10,3;4,313756241
10,31;4,313796607
10,32;4,313836546
10,33;4,31387606
10,34;4,31391515
10,35;4,313953817
10,36;4,313992063
10,37;4,314029889
10,38;4,314067297
10,39;4,314104289
10,4;4,314140866
10,41;4,314177031
10,42;4,314212783
10,43;4,314248126
10,44;4,314283061
10,45;4,31431759
10,46;4,314351714
10,47;4,314385435
10,48;4,314418756
10,49;4,314451677
10,5;4,314484201
10,51;4,31451633
10,52;4,314548065
10,53;4,314579409
10,54;4,314610362
10,55;4,314640929
10,56;4,314671109
10,57;4,314700906
10,58;4,31473032
10,59;4,314759355
10,6;4,314788012
10,61;4,314816294
10,62;4,314844201
10,63;4,314871737
10,64;4,314898903
10,65;4,314925702
10,66;4,314952135
10,67;4,314978205
10,68;4,315003914
10,69;4,315029263
10,7;4,315054256
10,71;4,315078894
10,72;4,315103179
10,73;4,315127114
10,74;4,315150701
10,75;4,315173941
10,76;4,315196838
10,77;4,315219393
10,78;4,315241608
10,79;4,315263487
10,8;4,31528503
10,81;4,315306241
10,82;4,315327121
10,83;4,315347672
10,84;4,315367898
10,85;4,3153878
10,86;4,315407381
10,87;4,315426642
10,88;4,315445586
10,89;4,315464216
10,9;4,315482533
10,91;4,31550054
10,92;4,31551824
10,93;4,315535633
10,94;4,315552724
10,95;4,315569514
10,96;4,315586005
10,97;4,3156022
10,98;4,3156181
10,99;4,315633709
11;4,315649029
11,01;4,315664061
11,02;4,315678809
11,03;4,315693274
11,04;4,315707459
11,05;4,315721366
11,06;4,315734997
11,07;4,315748355
11,08;4,315761443
11,09;4,315774261
11,1;4,315786813
11,11;4,315799101
11,12;4,315811127
11,13;4,315822894
11,14;4,315834403
11,15;4,315845657
11,16;4,315856659
11,17;4,315867411
11,18;4,315877914
11,19;4,315888171
11,2;4,315898185
11,21;4,315907958
11,22;4,315917491
11,23;4,315926788
11,24;4,31593585
11,25;4,31594468
11,26;4,31595328
11,27;4,315961652
11,28;4,315969798
11,29;4,315977722
11,3;4,315985424
11,31;4,315992907
11,32;4,316000173
11,33;4,316007225
11,34;4,316014064
11,35;4,316020693
11,36;4,316027115
11,37;4,31603333
11,38;4,316039342
11,39;4,316045153
11,4;4,316050764
11,41;4,316056178
11,42;4,316061397
11,43;4,316066423
11,44;4,316071258
11,45;4,316075905
11,46;4,316080365
11,47;4,31608464
11,48;4,316088734
11,49;4,316092647
11,5;4,316096381
11,51;4,31609994
11,52;4,316103324
11,53;4,316106537
11,54;4,316109579
11,55;4,316112453
11,56;4,316115161
11,57;4,316117706
11,58;4,316120088
11,59;4,316122311
11,6;4,316124375
11,61;4,316126283
11,62;4,316128037
11,63;4,31612964
11,64;4,316131091
11,65;4,316132395
11,66;4,316133552
11,67;4,316134565
11,68;4,316135436
11,69;4,316136165
11,7;4,316136756
11,71;4,31613721
11,72;4,316137529
11,73;4,316137715
11,74;4,316137769
11,75;4,316137694
11,76;4,316137491
11,77;4,316137162
11,78;4,316136709
11,79;4,316136134
11,8;4,316135438
11,81;4,316134623
11,82;4,316133691
11,83;4,316132644
11,84;4,316131483
11,85;4,316130211
11,86;4,316128828
11,87;4,316127337
11,88;4,316125738
11,89;4,316124035
11,9;4,316122228
11,91;4,31612032
11,92;4,316118311
11,93;4,316116203
11,94;4,316113999
11,95;4,316111699
11,96;4,316109305
11,97;4,31610682
11,98;4,316104243
11,99;4,316101578
12;4,316098824
12,01;4,316095985
12,02;4,316093062
12,03;4,316090055
12,04;4,316086967
12,05;4,316083799
12,06;4,316080552
12,07;4,316077229
12,08;4,316073829
12,09;4,316070356
12,1;4,316066809
12,11;4,316063192
12,12;4,316059504
12,13;4,316055748
12,14;4,316051925
12,15;4,316048036
12,16;4,316044082
12,17;4,316040066
12,18;4,316035987
12,19;4,316031848
12,2;4,31602765
12,21;4,316023394
12,22;4,316019082
12,23;4,316014714
12,24;4,316010293
12,25;4,316005818
12,26;4,316001292
12,27;4,315996716
12,28;4,31599209
12,29;4,315987417
12,3;4,315982697
12,31;4,315977932
12,32;4,315973122
12,33;4,315968269
12,34;4,315963374
12,35;4,315958439
12,36;4,315953463
12,37;4,315948449
12,38;4,315943397
12,39;4,315938309
12,4;4,315933186
12,41;4,315928028
12,42;4,315922837
12,43;4,315917614
12,44;4,31591236
12,45;4,315907076
12,46;4,315901762
12,47;4,315896421
12,48;4,315891052
12,49;4,315885657
12,5;4,315880238
12,51;4,315874794
12,52;4,315869326
12,53;4,315863837
12,54;4,315858326
12,55;4,315852795
12,56;4,315847244
12,57;4,315841675
12,58;4,315836088
12,59;4,315830484
12,6;4,315824864
12,61;4,315819229
12,62;4,315813579
12,63;4,315807916
12,64;4,315802241
12,65;4,315796554
12,66;4,315790856
12,67;4,315785147
12,68;4,315779429
12,69;4,315773703
12,7;4,315767969
12,71;4,315762227
12,72;4,31575648
12,73;4,315750726
12,74;4,315744968
12,75;4,315739205
12,76;4,315733439
12,77;4,315727671
12,78;4,3157219
12,79;4,315716128
12,8;4,315710355
12,81;4,315704582
12,82;4,315698809
12,83;4,315693038
12,84;4,315687269
12,85;4,315681502
12,86;4,315675739
12,87;4,315669979
12,88;4,315664223
12,89;4,315658472
12,9;4,315652727
12,91;4,315646988
12,92;4,315641255
12,93;4,31563553
12,94;4,315629812
12,95;4,315624102
12,96;4,315618402
12,97;4,31561271
12,98;4,315607029
12,99;4,315601358
13;4,315595697
13,01;4,315590048
13,02;4,315584411
13,03;4,315578786
13,04;4,315573174
13,05;4,315567575
13,06;4,315561989
13,07;4,315556418
13,08;4,315550861
13,09;4,315545319
13,1;4,315539792
13,11;4,315534282
13,12;4,315528787
13,13;4,315523309
13,14;4,315517848
13,15;4,315512404
13,16;4,315506978
13,17;4,31550157
13,18;4,31549618
13,19;4,315490809
13,2;4,315485457
13,21;4,315480125
13,22;4,315474813
13,23;4,31546952
13,24;4,315464248
13,25;4,315458997
13,26;4,315453767
13,27;4,315448558
13,28;4,315443371
13,29;4,315438206
13,3;4,315433062
13,31;4,315427942
13,32;4,315422844
13,33;4,315417769
13,34;4,315412717
13,35;4,315407689
13,36;4,315402685
13,37;4,315397704
13,38;4,315392748
13,39;4,315387816
13,4;4,315382909
13,41;4,315378027
13,42;4,315373169
13,43;4,315368337
13,44;4,31536353
13,45;4,315358749
13,46;4,315353994
13,47;4,315349265
13,48;4,315344562
13,49;4,315339885
13,5;4,315335235
13,51;4,315330611
13,52;4,315326014
13,53;4,315321444
13,54;4,315316902
13,55;4,315312386
13,56;4,315307898
13,57;4,315303437
13,58;4,315299004
13,59;4,315294598
13,6;4,315290221
13,61;4,315285871
13,62;4,315281549
13,63;4,315277256
13,64;4,31527299
13,65;4,315268753
13,66;4,315264545
13,67;4,315260364
13,68;4,315256213
13,69;4,31525209
13,7;4,315247995
13,71;4,31524393
13,72;4,315239893
13,73;4,315235885
13,74;4,315231906
13,75;4,315227956
13,76;4,315224035
13,77;4,315220143
13,78;4,31521628
13,79;4,315212446
13,8;4,315208641
13,81;4,315204866
13,82;4,315201119
13,83;4,315197402
13,84;4,315193714
13,85;4,315190055
13,86;4,315186425
13,87;4,315182825
13,88;4,315179254
13,89;4,315175712
13,9;4,315172199
13,91;4,315168716
13,92;4,315165261
13,93;4,315161836
13,94;4,31515844
13,95;4,315155073
13,96;4,315151735
13,97;4,315148427
13,98;4,315145147
13,99;4,315141896
14;4,315138674
14,01;4,315135482
14,02;4,315132318
14,03;4,315129183
14,04;4,315126076
14,05;4,315122999
14,06;4,31511995
14,07;4,31511693
14,08;4,315113938
14,09;4,315110975
14,1;4,31510804
14,11;4,315105134
14,12;4,315102256
14,13;4,315099406
14,14;4,315096584
14,15;4,315093791
14,16;4,315091025
14,17;4,315088288
14,18;4,315085578
14,19;4,315082896
14,2;4,315080242
14,21;4,315077616
14,22;4,315075017
14,23;4,315072445
14,24;4,315069901
14,25;4,315067384
14,26;4,315064894
14,27;4,315062431
14,28;4,315059995
14,29;4,315057586
14,3;4,315055204
14,31;4,315052849
14,32;4,31505052
14,33;4,315048217
14,34;4,315045941
14,35;4,315043691
14,36;4,315041467
14,37;4,315039269
14,38;4,315037097
14,39;4,315034951
14,4;4,31503283
14,41;4,315030735
14,42;4,315028665
14,43;4,315026621
14,44;4,315024602
14,45;4,315022607
14,46;4,315020638
14,47;4,315018694
14,48;4,315016774
14,49;4,315014879
14,5;4,315013008
14,51;4,315011161
14,52;4,315009339
14,53;4,315007541
14,54;4,315005766
14,55;4,315004015
14,56;4,315002288
14,57;4,315000585
14,58;4,314998905
14,59;4,314997248
14,6;4,314995614
14,61;4,314994003
14,62;4,314992415
14,63;4,314990849
14,64;4,314989306
14,65;4,314987786
14,66;4,314986287
14,67;4,314984811
14,68;4,314983357
14,69;4,314981924
14,7;4,314980514
14,71;4,314979125
14,72;4,314977757
14,73;4,31497641
14,74;4,314975085
14,75;4,314973781
14,76;4,314972497
14,77;4,314971234
14,78;4,314969992
14,79;4,31496877
14,8;4,314967568
14,81;4,314966386
14,82;4,314965224
14,83;4,314964083
14,84;4,31496296
14,85;4,314961857
14,86;4,314960774
14,87;4,31495971
14,88;4,314958665
14,89;4,314957639
14,9;4,314956631
14,91;4,314955642
14,92;4,314954672
14,93;4,31495372
14,94;4,314952786
14,95;4,31495187
14,96;4,314950972
14,97;4,314950092
14,98;4,314949229
14,99;4,314948384
15;4,314947556
15,01;4,314946745
15,02;4,314945952
15,03;4,314945175
15,04;4,314944414
15,05;4,314943671
15,06;4,314942944
15,07;4,314942233
15,08;4,314941538
15,09;4,314940859
15,1;4,314940196
15,11;4,314939548
15,12;4,314938916
15,13;4,3149383
15,14;4,314937698
15,15;4,314937112
15,16;4,314936541
15,17;4,314935985
15,18;4,314935443
15,19;4,314934916
15,2;4,314934403
15,21;4,314933904
15,22;4,31493342
15,23;4,314932949
15,24;4,314932492
15,25;4,314932049
15,26;4,31493162
15,27;4,314931204
15,28;4,314930801
15,29;4,314930411
15,3;4,314930034
15,31;4,31492967
15,32;4,314929319
15,33;4,31492898
15,34;4,314928654
15,35;4,31492834
15,36;4,314928038
15,37;4,314927748
15,38;4,31492747
15,39;4,314927203
15,4;4,314926949
15,41;4,314926706
15,42;4,314926474
15,43;4,314926253
15,44;4,314926044
15,45;4,314925845
15,46;4,314925657
15,47;4,31492548
15,48;4,314925314
15,49;4,314925158
15,5;4,314925012
15,51;4,314924876
15,52;4,314924751
15,53;4,314924635
15,54;4,31492453
15,55;4,314924433
15,56;4,314924347
15,57;4,31492427
15,58;4,314924202
15,59;4,314924143
15,6;4,314924094
15,61;4,314924053
15,62;4,314924021
15,63;4,314923998
15,64;4,314923984
15,65;4,314923978
15,66;4,31492398
15,67;4,31492399
15,68;4,314924009
15,69;4,314924036
15,7;4,31492407
15,71;4,314924113
15,72;4,314924163
15,73;4,31492422
15,74;4,314924285
15,75;4,314924357
15,76;4,314924437
15,77;4,314924523
15,78;4,314924617
15,79;4,314924717
15,8;4,314924825
15,81;4,314924939
15,82;4,314925059
15,83;4,314925186
15,84;4,314925319
15,85;4,314925459
15,86;4,314925605
15,87;4,314925757
15,88;4,314925914
15,89;4,314926078
15,9;4,314926247
15,91;4,314926422
15,92;4,314926603
15,93;4,314926789
15,94;4,31492698
15,95;4,314927177
15,96;4,314927378
15,97;4,314927585
15,98;4,314927797
15,99;4,314928014
16;4,314928235
16,01;4,314928461
16,02;4,314928692
16,03;4,314928927
16,04;4,314929167
16,05;4,314929411
16,06;4,31492966
16,07;4,314929912
16,08;4,314930169
16,09;4,314930429
16,1;4,314930694
16,11;4,314930962
16,12;4,314931234
16,13;4,314931509
16,14;4,314931789
16,15;4,314932071
16,16;4,314932358
16,17;4,314932647
16,18;4,31493294
16,19;4,314933236
16,2;4,314933535
16,21;4,314933837
16,22;4,314934142
16,23;4,314934449
16,24;4,31493476
16,25;4,314935073
16,26;4,314935389
16,27;4,314935708
16,28;4,314936029
16,29;4,314936352
16,3;4,314936678
16,31;4,314937006
16,32;4,314937337
16,33;4,314937669
16,34;4,314938004
16,35;4,31493834
16,36;4,314938679
16,37;4,314939019
16,38;4,314939362
16,39;4,314939706
16,4;4,314940051
16,41;4,314940399
16,42;4,314940748
16,43;4,314941098
16,44;4,31494145
16,45;4,314941803
16,46;4,314942158
16,47;4,314942514
16,48;4,314942871
16,49;4,314943229
16,5;4,314943588
16,51;4,314943949
16,52;4,31494431
16,53;4,314944672
16,54;4,314945035
16,55;4,314945399
16,56;4,314945764
16,57;4,31494613
16,58;4,314946496
16,59;4,314946863
16,6;4,31494723
16,61;4,314947598
16,62;4,314947966
16,63;4,314948335
16,64;4,314948704
16,65;4,314949073
16,66;4,314949443
16,67;4,314949813
16,68;4,314950183
16,69;4,314950554
16,7;4,314950924
16,71;4,314951295
16,72;4,314951665
16,73;4,314952036
16,74;4,314952406
16,75;4,314952776
16,76;4,314953146
16,77;4,314953516
16,78;4,314953886
16,79;4,314954256
16,8;4,314954625
16,81;4,314954994
16,82;4,314955362
16,83;4,31495573
16,84;4,314956098
16,85;4,314956465
16,86;4,314956831
16,87;4,314957197
16,88;4,314957563
16,89;4,314957928
16,9;4,314958292
16,91;4,314958655
16,92;4,314959018
16,93;4,31495938
16,94;4,314959741
16,95;4,314960102
16,96;4,314960461
16,97;4,31496082
16,98;4,314961178
16,99;4,314961535
17;4,314961891
17,01;4,314962246
17,02;4,3149626
17,03;4,314962953
17,04;4,314963305
17,05;4,314963655
17,06;4,314964005
17,07;4,314964354
17,08;4,314964701
17,09;4,314965047
17,1;4,314965392
17,11;4,314965736
17,12;4,314966079
17,13;4,31496642
17,14;4,31496676
17,15;4,314967099
17,16;4,314967436
17,17;4,314967773
17,18;4,314968107
17,19;4,314968441
17,2;4,314968772
17,21;4,314969103
17,22;4,314969432
17,23;4,31496976
17,24;4,314970086
17,25;4,31497041
17,26;4,314970734
17,27;4,314971055
17,28;4,314971375
17,29;4,314971694
17,3;4,314972011
17,31;4,314972326
17,32;4,31497264
17,33;4,314972952
17,34;4,314973263
17,35;4,314973572
17,36;4,314973879
17,37;4,314974185
17,38;4,314974489
17,39;4,314974791
17,4;4,314975092
17,41;4,314975391
17,42;4,314975688
17,43;4,314975984
17,44;4,314976278
17,45;4,31497657
17,46;4,31497686
17,47;4,314977149
17,48;4,314977435
17,49;4,314977721
17,5;4,314978004
17,51;4,314978285
17,52;4,314978565
17,53;4,314978843
17,54;4,314979119
17,55;4,314979393
17,56;4,314979666
17,57;4,314979936
17,58;4,314980205
17,59;4,314980472
17,6;4,314980737
17,61;4,314981001
17,62;4,314981262
17,63;4,314981522
17,64;4,31498178
17,65;4,314982036
17,66;4,31498229
17,67;4,314982542
17,68;4,314982792
17,69;4,314983041
17,7;4,314983287
17,71;4,314983532
17,72;4,314983775
17,73;4,314984016
17,74;4,314984255
17,75;4,314984492
17,76;4,314984728
17,77;4,314984961
17,78;4,314985193
17,79;4,314985423
17,8;4,314985651
17,81;4,314985877
17,82;4,314986101
17,83;4,314986323
17,84;4,314986543
17,85;4,314986762
17,86;4,314986979
17,87;4,314987193
17,88;4,314987406
17,89;4,314987617
17,9;4,314987827
17,91;4,314988034
17,92;4,314988239
17,93;4,314988443
17,94;4,314988645
17,95;4,314988845
17,96;4,314989043
17,97;4,314989239
17,98;4,314989433
17,99;4,314989626
18;4,314989817
18,01;4,314990006
18,02;4,314990193
18,03;4,314990378
18,04;4,314990561
18,05;4,314990743
18,06;4,314990923
18,07;4,314991101
18,08;4,314991277
18,09;4,314991451
18,1;4,314991624
18,11;4,314991795
18,12;4,314991964
18,13;4,314992131
18,14;4,314992297
18,15;4,314992461
18,16;4,314992623
18,17;4,314992783
18,18;4,314992942
18,19;4,314993099
18,2;4,314993254
18,21;4,314993407
18,22;4,314993559
18,23;4,314993709
18,24;4,314993857
18,25;4,314994004
18,26;4,314994149
18,27;4,314994292
18,28;4,314994434
18,29;4,314994573
18,3;4,314994712
18,31;4,314994848
18,32;4,314994983
18,33;4,314995117
18,34;4,314995248
18,35;4,314995378
18,36;4,314995507
18,37;4,314995634
18,38;4,314995759
18,39;4,314995883
18,4;4,314996005
18,41;4,314996125
18,42;4,314996244
18,43;4,314996362
18,44;4,314996478
18,45;4,314996592
18,46;4,314996705
18,47;4,314996816
18,48;4,314996926
18,49;4,314997034
18,5;4,314997141
18,51;4,314997246
18,52;4,31499735
18,53;4,314997452
18,54;4,314997553
18,55;4,314997653
18,56;4,314997751
18,57;4,314997847
18,58;4,314997943
18,59;4,314998036
18,6;4,314998129
18,61;4,31499822
18,62;4,314998309
18,63;4,314998397
18,64;4,314998484
18,65;4,31499857
18,66;4,314998654
18,67;4,314998737
18,68;4,314998818
18,69;4,314998898
18,7;4,314998977
18,71;4,314999055
18,72;4,314999131
18,73;4,314999206
18,74;4,314999279
18,75;4,314999352
18,76;4,314999423
18,77;4,314999493
18,78;4,314999562
18,79;4,314999629
18,8;4,314999695
18,81;4,31499976
18,82;4,314999824
18,83;4,314999887
18,84;4,314999948
18,85;4,315000009
18,86;4,315000068
18,87;4,315000126
18,88;4,315000182
18,89;4,315000238
18,9;4,315000293
18,91;4,315000346
18,92;4,315000399
18,93;4,31500045
18,94;4,3150005
18,95;4,315000549
18,96;4,315000597
18,97;4,315000644
18,98;4,31500069
18,99;4,315000735
19;4,315000779
19,01;4,315000822
19,02;4,315000864
19,03;4,315000905
19,04;4,315000944
19,05;4,315000983
19,06;4,315001021
19,07;4,315001058
19,08;4,315001094
19,09;4,315001129
19,1;4,315001163
19,11;4,315001197
19,12;4,315001229
19,13;4,31500126
19,14;4,315001291
19,15;4,31500132
19,16;4,315001349
19,17;4,315001377
19,18;4,315001404
19,19;4,31500143
19,2;4,315001455
19,21;4,31500148
19,22;4,315001503
19,23;4,315001526
19,24;4,315001548
19,25;4,315001569
19,26;4,31500159
19,27;4,315001609
19,28;4,315001628
19,29;4,315001646
19,3;4,315001663
19,31;4,31500168
19,32;4,315001696
19,33;4,315001711
19,34;4,315001725
19,35;4,315001739
19,36;4,315001752
19,37;4,315001764
19,38;4,315001776
19,39;4,315001787
19,4;4,315001797
19,41;4,315001806
19,42;4,315001815
19,43;4,315001824
19,44;4,315001831
19,45;4,315001838
19,46;4,315001845
19,47;4,31500185
19,48;4,315001855
19,49;4,31500186
19,5;4,315001864
19,51;4,315001867
19,52;4,31500187
19,53;4,315001872
19,54;4,315001874
19,55;4,315001875
19,56;4,315001876
19,57;4,315001876
19,58;4,315001875
19,59;4,315001874
19,6;4,315001872
19,61;4,31500187
19,62;4,315001868
19,63;4,315001865
19,64;4,315001861
19,65;4,315001857
19,66;4,315001853
19,67;4,315001848
19,68;4,315001842
19,69;4,315001836
19,7;4,31500183
19,71;4,315001823
19,72;4,315001816
19,73;4,315001809
19,74;4,315001801
19,75;4,315001792
19,76;4,315001783
19,77;4,315001774
19,78;4,315001764
19,79;4,315001754
19,8;4,315001744
19,81;4,315001733
19,82;4,315001722
19,83;4,315001711
19,84;4,315001699
19,85;4,315001687
19,86;4,315001674
19,87;4,315001661
19,88;4,315001648
19,89;4,315001635
19,9;4,315001621
19,91;4,315001607
19,92;4,315001592
19,93;4,315001578
19,94;4,315001563
19,95;4,315001547
19,96;4,315001532
19,97;4,315001516
19,98;4,3150015
19,99;4,315001483
20;4,315001467
20,01;4,31500145
20,02;4,315001433
20,03;4,315001415
20,04;4,315001398
20,05;4,31500138
20,06;4,315001362
20,07;4,315001343
20,08;4,315001325
20,09;4,315001306
20,1;4,315001287
20,11;4,315001268
20,12;4,315001249
20,13;4,315001229
20,14;4,31500121
20,15;4,31500119
20,16;4,31500117
20,17;4,315001149
20,18;4,315001129
20,19;4,315001108
20,2;4,315001088
20,21;4,315001067
20,22;4,315001046
20,23;4,315001025
20,24;4,315001003
20,25;4,315000982
20,26;4,31500096
20,27;4,315000939
20,28;4,315000917
20,29;4,315000895
20,3;4,315000873
20,31;4,315000851
20,32;4,315000829
20,33;4,315000806
20,34;4,315000784
20,35;4,315000761
20,36;4,315000739
20,37;4,315000716
20,38;4,315000693
20,39;4,31500067
20,4;4,315000647
20,41;4,315000624
20,42;4,315000601
20,43;4,315000578
20,44;4,315000555
20,45;4,315000531
20,46;4,315000508
20,47;4,315000485
20,48;4,315000461
20,49;4,315000438
20,5;4,315000414
20,51;4,315000391
20,52;4,315000367
20,53;4,315000343
20,54;4,31500032
20,55;4,315000296
20,56;4,315000272
20,57;4,315000249
20,58;4,315000225
20,59;4,315000201
20,6;4,315000177
20,61;4,315000154
20,62;4,31500013
20,63;4,315000106
20,64;4,315000082
20,65;4,315000058
20,66;4,315000035
20,67;4,315000011
20,68;4,314999987
20,69;4,314999963
20,7;4,31499994
20,71;4,314999916
20,72;4,314999892
20,73;4,314999869
20,74;4,314999845
20,75;4,314999821
20,76;4,314999798
20,77;4,314999774
20,78;4,314999751
20,79;4,314999727
20,8;4,314999704
20,81;4,314999681
20,82;4,314999657
20,83;4,314999634
20,84;4,314999611
20,85;4,314999587
20,86;4,314999564
20,87;4,314999541
20,88;4,314999518
20,89;4,314999495
20,9;4,314999472
20,91;4,314999449
20,92;4,314999427
20,93;4,314999404
20,94;4,314999381
20,95;4,314999359
20,96;4,314999336
20,97;4,314999314
20,98;4,314999291
20,99;4,314999269
21;4,314999247
21,01;4,314999224
21,02;4,314999202
21,03;4,31499918
21,04;4,314999158
21,05;4,314999137
21,06;4,314999115
21,07;4,314999093
21,08;4,314999072
21,09;4,31499905
21,1;4,314999029
21,11;4,314999007
21,12;4,314998986
21,13;4,314998965
21,14;4,314998944
21,15;4,314998923
21,16;4,314998902
21,17;4,314998881
21,18;4,314998861
21,19;4,31499884
21,2;4,31499882
21,21;4,314998799
21,22;4,314998779
21,23;4,314998759
21,24;4,314998739
21,25;4,314998719
21,26;4,314998699
21,27;4,314998679
21,28;4,314998659
21,29;4,31499864
21,3;4,31499862
21,31;4,314998601
21,32;4,314998582
21,33;4,314998563
21,34;4,314998544
21,35;4,314998525
21,36;4,314998506
21,37;4,314998487
21,38;4,314998469
21,39;4,31499845
21,4;4,314998432
21,41;4,314998414
21,42;4,314998396
21,43;4,314998378
21,44;4,31499836
21,45;4,314998342
21,46;4,314998325
21,47;4,314998307
21,48;4,31499829
21,49;4,314998272
21,5;4,314998255
21,51;4,314998238
21,52;4,314998221
21,53;4,314998204
21,54;4,314998188
21,55;4,314998171
21,56;4,314998155
21,57;4,314998138
21,58;4,314998122
21,59;4,314998106
21,6;4,31499809
21,61;4,314998074
21,62;4,314998058
21,63;4,314998043
21,64;4,314998027
21,65;4,314998012
21,66;4,314997997
21,67;4,314997981
21,68;4,314997966
21,69;4,314997951
21,7;4,314997937
21,71;4,314997922
21,72;4,314997907
21,73;4,314997893
21,74;4,314997879
21,75;4,314997865
21,76;4,314997851
21,77;4,314997837
21,78;4,314997823
21,79;4,314997809
21,8;4,314997795
21,81;4,314997782
21,82;4,314997769
21,83;4,314997755
21,84;4,314997742
21,85;4,314997729
21,86;4,314997717
21,87;4,314997704
21,88;4,314997691
21,89;4,314997679
21,9;4,314997666
21,91;4,314997654
21,92;4,314997642
21,93;4,31499763
21,94;4,314997618
21,95;4,314997606
21,96;4,314997594
21,97;4,314997583
21,98;4,314997571
21,99;4,31499756
22;4,314997549
22,01;4,314997538
22,02;4,314997527
22,03;4,314997516
22,04;4,314997505
22,05;4,314997494
22,06;4,314997484
22,07;4,314997473
22,08;4,314997463
22,09;4,314997453
22,1;4,314997443
22,11;4,314997433
22,12;4,314997423
22,13;4,314997413
22,14;4,314997403
22,15;4,314997394
22,16;4,314997384
22,17;4,314997375
22,18;4,314997366
22,19;4,314997357
22,2;4,314997348
22,21;4,314997339
22,22;4,31499733
22,23;4,314997321
22,24;4,314997313
22,25;4,314997304
22,26;4,314997296
22,27;4,314997288
22,28;4,314997279
22,29;4,314997271
22,3;4,314997263
22,31;4,314997255
22,32;4,314997248
22,33;4,31499724
22,34;4,314997232
22,35;4,314997225
22,36;4,314997218
22,37;4,31499721
22,38;4,314997203
22,39;4,314997196
22,4;4,314997189
22,41;4,314997182
22,42;4,314997175
22,43;4,314997169
22,44;4,314997162
22,45;4,314997156
22,46;4,314997149
22,47;4,314997143
22,48;4,314997137
22,49;4,314997131
22,5;4,314997125
22,51;4,314997119
22,52;4,314997113
22,53;4,314997107
22,54;4,314997101
22,55;4,314997096
22,56;4,31499709
22,57;4,314997085
22,58;4,314997079
22,59;4,314997074
22,6;4,314997069
22,61;4,314997064
22,62;4,314997059
22,63;4,314997054
22,64;4,314997049
22,65;4,314997044
22,66;4,31499704
22,67;4,314997035
22,68;4,314997031
22,69;4,314997026
22,7;4,314997022
22,71;4,314997018
22,72;4,314997013
22,73;4,314997009
22,74;4,314997005
22,75;4,314997001
22,76;4,314996997
22,77;4,314996993
22,78;4,31499699
22,79;4,314996986
22,8;4,314996982
22,81;4,314996979
22,82;4,314996975
22,83;4,314996972
22,84;4,314996969
22,85;4,314996966
22,86;4,314996962
22,87;4,314996959
22,88;4,314996956
22,89;4,314996953
22,9;4,31499695
22,91;4,314996948
22,92;4,314996945
22,93;4,314996942
22,94;4,314996939
22,95;4,314996937
22,96;4,314996934
22,97;4,314996932
22,98;4,314996929
22,99;4,314996927
23;4,314996925
23,01;4,314996923
23,02;4,314996921
23,03;4,314996918
23,04;4,314996916
23,05;4,314996914
23,06;4,314996913
23,07;4,314996911
23,08;4,314996909
23,09;4,314996907
23,1;4,314996905
23,11;4,314996904
23,12;4,314996902
23,13;4,314996901
23,14;4,314996899
23,15;4,314996898
23,16;4,314996896
23,17;4,314996895
23,18;4,314996894
23,19;4,314996893
23,2;4,314996891
23,21;4,31499689
23,22;4,314996889
23,23;4,314996888
23,24;4,314996887
23,25;4,314996886
23,26;4,314996885
23,27;4,314996884
23,28;4,314996884
23,29;4,314996883
23,3;4,314996882
23,31;4,314996882
23,32;4,314996881
23,33;4,31499688
23,34;4,31499688
23,35;4,314996879
23,36;4,314996879
23,37;4,314996878
23,38;4,314996878
23,39;4,314996878
23,4;4,314996877
23,41;4,314996877
23,42;4,314996877
23,43;4,314996877
23,44;4,314996877
23,45;4,314996876
23,46;4,314996876
23,47;4,314996876
23,48;4,314996876
23,49;4,314996876
23,5;4,314996876
23,51;4,314996876
23,52;4,314996877
23,53;4,314996877
23,54;4,314996877
23,55;4,314996877
23,56;4,314996877
23,57;4,314996878
23,58;4,314996878
23,59;4,314996878
23,6;4,314996879
23,61;4,314996879
23,62;4,31499688
23,63;4,31499688
23,64;4,31499688
23,65;4,314996881
23,66;4,314996881
23,67;4,314996882
23,68;4,314996883
23,69;4,314996883
23,7;4,314996884
23,71;4,314996885
23,72;4,314996885
23,73;4,314996886
23,74;4,314996887
23,75;4,314996887
23,76;4,314996888
23,77;4,314996889
23,78;4,31499689
23,79;4,314996891
23,8;4,314996891
23,81;4,314996892
23,82;4,314996893
23,83;4,314996894
23,84;4,314996895
23,85;4,314996896
23,86;4,314996897
23,87;4,314996898
23,88;4,314996899
23,89;4,3149969
23,9;4,314996901
23,91;4,314996902
23,92;4,314996903
23,93;4,314996904
23,94;4,314996905
23,95;4,314996907
23,96;4,314996908
23,97;4,314996909
23,98;4,31499691
23,99;4,314996911
24;4,314996912
24,01;4,314996914
24,02;4,314996915
24,03;4,314996916
24,04;4,314996917
24,05;4,314996919
24,06;4,31499692
24,07;4,314996921
24,08;4,314996922
24,09;4,314996924
24,1;4,314996925
24,11;4,314996926
24,12;4,314996928
24,13;4,314996929
24,14;4,31499693
24,15;4,314996932
24,16;4,314996933
24,17;4,314996935
24,18;4,314996936
24,19;4,314996937
24,2;4,314996939
24,21;4,31499694
24,22;4,314996942
24,23;4,314996943
24,24;4,314996944
24,25;4,314996946
24,26;4,314996947
24,27;4,314996949
24,28;4,31499695
24,29;4,314996952
24,3;4,314996953
24,31;4,314996955
24,32;4,314996956
24,33;4,314996958
24,34;4,314996959
24,35;4,314996961
24,36;4,314996962
24,37;4,314996964
24,38;4,314996965
24,39;4,314996967
24,4;4,314996968
24,41;4,31499697
24,42;4,314996971
24,43;4,314996973
24,44;4,314996974
24,45;4,314996976
24,46;4,314996977
24,47;4,314996979
24,48;4,31499698
24,49;4,314996982
24,5;4,314996983
24,51;4,314996985
24,52;4,314996986
24,53;4,314996988
24,54;4,314996989
24,55;4,314996991
24,56;4,314996992
24,57;4,314996994
24,58;4,314996996
24,59;4,314996997
24,6;4,314996999
24,61;4,314997
24,62;4,314997002
24,63;4,314997003
24,64;4,314997005
24,65;4,314997006
24,66;4,314997008
24,67;4,314997009
24,68;4,314997011
24,69;4,314997012
24,7;4,314997014
24,71;4,314997015
24,73;4,314997018
24,74;4,31499702
24,75;4,314997021
24,76;4,314997023
24,77;4,314997024
24,78;4,314997026
24,79;4,314997027
24,8;4,314997029
24,81;4,31499703
24,82;4,314997032
24,83;4,314997033
24,84;4,314997034
24,85;4,314997036
24,86;4,314997037
24,87;4,314997039
24,88;4,31499704
24,89;4,314997042
24,9;4,314997043
24,91;4,314997045
24,92;4,314997046
24,93;4,314997047
24,94;4,314997049
24,95;4,31499705
24,96;4,314997052
24,97;4,314997053
24,98;4,314997054
24,99;4,314997056
25;4,314997057
